Unnamed: 0,0
Class_81,4.43713202478437e-05
Class_71,0.008100778350187
Class_82,0.0004789817529329282
Class_95,0.0007782524790368065
Class_41,0.00016837314620852297
Class_52,0.0107363361283529
Class_31,0.0031722965430043
Class_42,0.0099249347081516
Class_21,0.0380877400684231
Class_43,0.012677177133816
Class_11,0.5358943299786578
Class_22,0.0373749800826183
Class_23,0.15210017521989
Class_24,0.1897369473406359
Class_90,0.000724325747836476
geometry,
