Unnamed: 0,0
Class_81,4.4371319970819066e-05
Class_71,0.0080919065329476
Class_82,0.00046790296743394537
Class_95,0.0007516715124816002
Class_41,0.00016393726182549137
Class_52,0.0107208276388084
Class_31,0.003072465735759
Class_42,0.0099626318503496
Class_21,0.0385863349901237
Class_43,0.0126727349280101
Class_11,0.5365559725018811
Class_22,0.0376315150050277
Class_23,0.1514820256555821
Class_24,0.1890802512448108
Class_90,0.0007154508549874807
geometry,
