Class_81,Class_71,Class_82,Class_95,Class_41,Class_52,Class_31,Class_42,Class_21,Class_43,Class_11,Class_22,Class_sum,Class_23,Class_24,Class_90,system:index
4.4371319970819066E-5,0.008091906532947645,4.6790296743394537E-4,7.516715124816002E-4,1.6393726182549137E-4,0.010720827638808427,0.0030724657357590374,0.009962631850349691,0.03858633499012379,0.012672734928010188,0.5365559725018811,0.037631515005027795,3.20342059E8,0.1514820256555821,0.1890802512448108,7.154508549874807E-4,0
