Class_81,Class_71,Class_82,Class_95,Class_41,Class_52,Class_31,Class_42,Class_21,Class_43,Class_11,Class_22,Class_sum,Class_23,Class_24,Class_90,system:index
4.43713202478437E-5,0.008100778350187094,4.789817529329282E-4,7.782524790368065E-4,1.6837314620852297E-4,0.01073633612835295,0.0031722965430043422,0.009924934708151667,0.03808774006842317,0.012677177133816057,0.5358943299786578,0.03737498008261837,3.20342057E8,0.15210017521989003,0.18973694734063595,7.24325747836476E-4,0
